{
    "solarpanel": {
        "0": 56.79776,
        "1": 56.79776,
        "2": 120.527115,
        "3": 120.527115,
        "4": 120.527115,
        "5": 0,
        "6": 0,
        "7": 0,
        "8": 0
    },
    "C001": {},
    "amphi1": {},
    "B105": {}
}