{
    "solarpanel": {
        "0": 56.79776,
        "1": 56.79776,
        "2": 44.377518,
        "3": 44.377518,
        "4": 0
    },
    "C001": {},
    "amphi1": {}
}